<?xml version="1.0" encoding="UTF-8"?>
<boss>
<configs>
<atualstudio>Cache script by Atualstudio.com</atualstudio>
<updated>1556777608</updated>
</configs>
<line>
<name>Antharas</name>
<level>85</level>
<status>Vivo</status>
<respawn>-</respawn>
</line>
<line>
<name>Antharas</name>
<level>85</level>
<status>Vivo</status>
<respawn>-</respawn>
</line>
<line>
<name>Frintezza</name>
<level>85</level>
<status>Vivo</status>
<respawn>-</respawn>
</line>
<line>
<name>Scarlet van Halisha</name>
<level>85</level>
<status>Vivo</status>
<respawn>-</respawn>
</line>
<line>
<name>Scarlet van Halisha</name>
<level>85</level>
<status>Vivo</status>
<respawn>-</respawn>
</line>
<line>
<name>Valakas</name>
<level>85</level>
<status>Vivo</status>
<respawn>-</respawn>
</line>
<line>
<name>Andreas Van Halter</name>
<level>80</level>
<status>Vivo</status>
<respawn>-</respawn>
</line>
<line>
<name>Baium</name>
<level>75</level>
<status>Vivo</status>
<respawn>-</respawn>
</line>
<line>
<name>Zaken</name>
<level>60</level>
<status>Vivo</status>
<respawn>-</respawn>
</line>
<line>
<name>Core</name>
<level>50</level>
<status>Vivo</status>
<respawn>-</respawn>
</line>
<line>
<name>Orfen</name>
<level>50</level>
<status>Vivo</status>
<respawn>-</respawn>
</line>
<line>
<name>Queen Ant</name>
<level>40</level>
<status>Vivo</status>
<respawn>-</respawn>
</line>
</boss>